{"cameraMode":{"drawMode":0,"name":"Shaded","section":"Shading Mode"},"sceneLighting":true,"audioPlay":false,"sceneViewState":{"m_AlwaysRefresh":false,"showFog":true,"showSkybox":true,"showFlares":true,"showImageEffects":true,"showParticleSystems":true,"showVisualEffectGraphs":true,"m_FxEnabled":true},"in2DMode":false,"pivot":{"x":-34.2503662109375,"y":1.4255045652389527,"z":-12.51758098602295},"rotation":{"x":0.006393832620233297,"y":0.9930230975151062,"z":-0.09863215684890747,"w":0.06443419307470322},"size":1.8963221311569214,"orthographic":false}